supplier_id,supplier_name,country,reliability_score,lead_time_variance,minimum_order_qty
SUP_001,Global Supply Co,South Korea,0.9826859831103313,0.19300679668704412,141
SUP_002,Asia Electronics,Singapore,0.9016453244052118,0.22117853851206226,392
SUP_003,European Tech,Taiwan,0.8660346019930456,0.263860234862217,169
SUP_004,American Components,China,0.9310158625512941,0.2857774336814243,304
SUP_005,Pacific Trading,Taiwan,0.9771236611466423,0.1750613918850637,492
SUP_006,Metro Wholesale,Taiwan,0.8777661687928401,0.21841957224997044,435
SUP_007,Prime Distributors,Taiwan,0.8839989132751985,0.23943860049915444,164
SUP_008,Elite Suppliers,Singapore,0.9457962654833318,0.2611055927292333,417
